<?xml version="1.0" ?>
<LOG_ROOT>
	<PROJECT NAME="FAS">
		<CBX_INST_ENTRY INSTANCE_NAME="|FAS|FFT:FFT_u0|butterfly:u2|lpm_mult:Mult0" CBX_FILE_NAME="mult_55t.tdf"/>
		<CBX_INST_ENTRY INSTANCE_NAME="|FAS|FIR:FIR_u0|lpm_mult:Mult18|multcore:mult_core|mpar_add:padder|mpar_add:sub_par_add|lpm_add_sub:adder[0]" CBX_FILE_NAME="add_sub_qfh.tdf"/>
		<CBX_INST_ENTRY INSTANCE_NAME="|FAS|FIR:FIR_u0|lpm_mult:Mult9|multcore:mult_core|mpar_add:padder|mpar_add:sub_par_add|lpm_add_sub:adder[0]" CBX_FILE_NAME="add_sub_qfh.tdf"/>
		<CBX_INST_ENTRY INSTANCE_NAME="|FAS|FFT:FFT_u0|butterfly:u21|lpm_mult:Mult0" CBX_FILE_NAME="mult_75t.tdf"/>
		<CBX_INST_ENTRY INSTANCE_NAME="|FAS|FFT:FFT_u0|butterfly:u11|lpm_mult:Mult2" CBX_FILE_NAME="mult_55t.tdf"/>
		<CBX_INST_ENTRY INSTANCE_NAME="|FAS|FFT:FFT_u0|butterfly:u2|lpm_mult:Mult2" CBX_FILE_NAME="mult_c5t.tdf"/>
		<CBX_INST_ENTRY INSTANCE_NAME="|FAS|FFT:FFT_u0|butterfly:u31|lpm_mult:Mult0" CBX_FILE_NAME="mult_75t.tdf"/>
		<CBX_INST_ENTRY INSTANCE_NAME="|FAS|FFT:FFT_u0|butterfly:u21|lpm_mult:Mult3" CBX_FILE_NAME="mult_75t.tdf"/>
		<CBX_INST_ENTRY INSTANCE_NAME="|FAS|FFT:FFT_u0|butterfly:u6|lpm_mult:Mult0" CBX_FILE_NAME="mult_c5t.tdf"/>
		<CBX_INST_ENTRY INSTANCE_NAME="|FAS|FFT:FFT_u0|butterfly:u15|lpm_mult:Mult1" CBX_FILE_NAME="mult_55t.tdf"/>
		<CBX_INST_ENTRY INSTANCE_NAME="|FAS|FFT:FFT_u0|butterfly:u25|lpm_mult:Mult0" CBX_FILE_NAME="mult_75t.tdf"/>
		<CBX_INST_ENTRY INSTANCE_NAME="|FAS|FFT:FFT_u0|butterfly:u31|lpm_mult:Mult3" CBX_FILE_NAME="mult_75t.tdf"/>
		<CBX_INST_ENTRY INSTANCE_NAME="|FAS|FIR:FIR_u0|lpm_mult:Mult0|multcore:mult_core|mpar_add:padder|lpm_add_sub:adder[0]" CBX_FILE_NAME="add_sub_05h.tdf"/>
		<CBX_INST_ENTRY INSTANCE_NAME="|FAS|FFT:FFT_u0|butterfly:u15|lpm_mult:Mult2" CBX_FILE_NAME="mult_55t.tdf"/>
		<CBX_INST_ENTRY INSTANCE_NAME="|FAS|FFT:FFT_u0|butterfly:u17|lpm_mult:Mult0" CBX_FILE_NAME="mult_75t.tdf"/>
		<CBX_INST_ENTRY INSTANCE_NAME="|FAS|FFT:FFT_u0|butterfly:u23|lpm_mult:Mult3" CBX_FILE_NAME="mult_75t.tdf"/>
		<CBX_INST_ENTRY INSTANCE_NAME="|FAS|FFT:FFT_u0|butterfly:u6|lpm_mult:Mult2" CBX_FILE_NAME="mult_55t.tdf"/>
		<CBX_INST_ENTRY INSTANCE_NAME="|FAS|FFT:FFT_u0|butterfly:u8|lpm_mult:Mult0" CBX_FILE_NAME="mult_55t.tdf"/>
		<CBX_INST_ENTRY INSTANCE_NAME="|FAS|FIR:FIR_u0|lpm_mult:Mult10|multcore:mult_core|mpar_add:padder|lpm_add_sub:adder[0]" CBX_FILE_NAME="add_sub_35h.tdf"/>
		<CBX_INST_ENTRY INSTANCE_NAME="|FAS|FIR:FIR_u0|lpm_mult:Mult1|multcore:mult_core|mpar_add:padder|lpm_add_sub:adder[0]" CBX_FILE_NAME="add_sub_05h.tdf"/>
		<CBX_INST_ENTRY INSTANCE_NAME="|FAS|FFT:FFT_u0|butterfly:u27|lpm_mult:Mult0" CBX_FILE_NAME="mult_75t.tdf"/>
		<CBX_INST_ENTRY INSTANCE_NAME="|FAS|FIR:FIR_u0|lpm_mult:Mult0|multcore:mult_core|mpar_add:padder|mpar_add:sub_par_add|lpm_add_sub:adder[0]" CBX_FILE_NAME="add_sub_ufh.tdf"/>
		<CBX_INST_ENTRY INSTANCE_NAME="|FAS|FIR:FIR_u0|lpm_mult:Mult11|multcore:mult_core|mpar_add:padder|lpm_add_sub:adder[0]" CBX_FILE_NAME="add_sub_55h.tdf"/>
		<CBX_INST_ENTRY INSTANCE_NAME="|FAS|FIR:FIR_u0|lpm_mult:Mult2|multcore:mult_core|mpar_add:padder|lpm_add_sub:adder[0]" CBX_FILE_NAME="add_sub_05h.tdf"/>
		<CBX_INST_ENTRY INSTANCE_NAME="|FAS|FFT:FFT_u0|butterfly:u19|lpm_mult:Mult0" CBX_FILE_NAME="mult_65t.tdf"/>
		<CBX_INST_ENTRY INSTANCE_NAME="|FAS|FFT:FFT_u0|butterfly:u8|lpm_mult:Mult2" CBX_FILE_NAME="mult_c5t.tdf"/>
		<CBX_INST_ENTRY INSTANCE_NAME="|FAS|FIR:FIR_u0|lpm_mult:Mult12|multcore:mult_core|mpar_add:padder|lpm_add_sub:adder[0]" CBX_FILE_NAME="add_sub_65h.tdf"/>
		<CBX_INST_ENTRY INSTANCE_NAME="|FAS|FIR:FIR_u0|lpm_mult:Mult20|multcore:mult_core|mpar_add:padder|lpm_add_sub:adder[1]" CBX_FILE_NAME="add_sub_vfh.tdf"/>
		<CBX_INST_ENTRY INSTANCE_NAME="|FAS|FIR:FIR_u0|lpm_mult:Mult3|multcore:mult_core|mpar_add:padder|lpm_add_sub:adder[0]" CBX_FILE_NAME="add_sub_v4h.tdf"/>
		<CBX_INST_ENTRY INSTANCE_NAME="|FAS|FFT:FFT_u0|butterfly:u29|lpm_mult:Mult0" CBX_FILE_NAME="mult_75t.tdf"/>
		<CBX_INST_ENTRY INSTANCE_NAME="|FAS|FIR:FIR_u0|lpm_mult:Mult11|multcore:mult_core|mpar_add:padder|mpar_add:sub_par_add|lpm_add_sub:adder[0]" CBX_FILE_NAME="add_sub_qfh.tdf"/>
		<CBX_INST_ENTRY INSTANCE_NAME="|FAS|FIR:FIR_u0|lpm_mult:Mult13|multcore:mult_core|mpar_add:padder|lpm_add_sub:adder[0]" CBX_FILE_NAME="add_sub_75h.tdf"/>
		<CBX_INST_ENTRY INSTANCE_NAME="|FAS|FIR:FIR_u0|lpm_mult:Mult21|multcore:mult_core|mpar_add:padder|lpm_add_sub:adder[1]" CBX_FILE_NAME="add_sub_vfh.tdf"/>
		<CBX_INST_ENTRY INSTANCE_NAME="|FAS|FIR:FIR_u0|lpm_mult:Mult2|multcore:mult_core|mpar_add:padder|mpar_add:sub_par_add|lpm_add_sub:adder[0]" CBX_FILE_NAME="add_sub_ufh.tdf"/>
		<CBX_INST_ENTRY INSTANCE_NAME="|FAS|FIR:FIR_u0|lpm_mult:Mult4|multcore:mult_core|mpar_add:padder|lpm_add_sub:adder[0]" CBX_FILE_NAME="add_sub_25h.tdf"/>
		<CBX_INST_ENTRY INSTANCE_NAME="|FAS|FFT:FFT_u0|butterfly:u27|lpm_mult:Mult3" CBX_FILE_NAME="mult_75t.tdf"/>
		<CBX_INST_ENTRY INSTANCE_NAME="|FAS|FIR:FIR_u0|lpm_mult:Mult14|multcore:mult_core|mpar_add:padder|lpm_add_sub:adder[0]" CBX_FILE_NAME="add_sub_75h.tdf"/>
		<CBX_INST_ENTRY INSTANCE_NAME="|FAS|FIR:FIR_u0|lpm_mult:Mult21|multcore:mult_core|mpar_add:padder|mpar_add:sub_par_add|lpm_add_sub:adder[0]" CBX_FILE_NAME="add_sub_qfh.tdf"/>
		<CBX_INST_ENTRY INSTANCE_NAME="|FAS|FIR:FIR_u0|lpm_mult:Mult22|multcore:mult_core|mpar_add:padder|lpm_add_sub:adder[1]" CBX_FILE_NAME="add_sub_ufh.tdf"/>
		<CBX_INST_ENTRY INSTANCE_NAME="|FAS|FIR:FIR_u0|lpm_mult:Mult5|multcore:mult_core|mpar_add:padder|lpm_add_sub:adder[0]" CBX_FILE_NAME="add_sub_35h.tdf"/>
		<CBX_INST_ENTRY INSTANCE_NAME="|FAS|FFT:FFT_u0|butterfly:u19|lpm_mult:Mult3" CBX_FILE_NAME="mult_75t.tdf"/>
		<CBX_INST_ENTRY INSTANCE_NAME="|FAS|FIR:FIR_u0|lpm_mult:Mult13|multcore:mult_core|mpar_add:padder|mpar_add:sub_par_add|lpm_add_sub:adder[0]" CBX_FILE_NAME="add_sub_sfh.tdf"/>
		<CBX_INST_ENTRY INSTANCE_NAME="|FAS|FIR:FIR_u0|lpm_mult:Mult15|multcore:mult_core|mpar_add:padder|lpm_add_sub:adder[0]" CBX_FILE_NAME="add_sub_75h.tdf"/>
		<CBX_INST_ENTRY INSTANCE_NAME="|FAS|FIR:FIR_u0|lpm_mult:Mult23|multcore:mult_core|mpar_add:padder|lpm_add_sub:adder[1]" CBX_FILE_NAME="add_sub_tfh.tdf"/>
		<CBX_INST_ENTRY INSTANCE_NAME="|FAS|FIR:FIR_u0|lpm_mult:Mult4|multcore:mult_core|mpar_add:padder|mpar_add:sub_par_add|lpm_add_sub:adder[0]" CBX_FILE_NAME="add_sub_0gh.tdf"/>
		<CBX_INST_ENTRY INSTANCE_NAME="|FAS|FIR:FIR_u0|lpm_mult:Mult6|multcore:mult_core|mpar_add:padder|lpm_add_sub:adder[0]" CBX_FILE_NAME="add_sub_35h.tdf"/>
		<CBX_INST_ENTRY INSTANCE_NAME="|FAS|FFT:FFT_u0|butterfly:u29|lpm_mult:Mult3" CBX_FILE_NAME="mult_75t.tdf"/>
		<CBX_INST_ENTRY INSTANCE_NAME="|FAS|FIR:FIR_u0|lpm_mult:Mult16|multcore:mult_core|mpar_add:padder|lpm_add_sub:adder[0]" CBX_FILE_NAME="add_sub_75h.tdf"/>
		<CBX_INST_ENTRY INSTANCE_NAME="|FAS|FIR:FIR_u0|lpm_mult:Mult23|multcore:mult_core|mpar_add:padder|mpar_add:sub_par_add|lpm_add_sub:adder[0]" CBX_FILE_NAME="add_sub_1gh.tdf"/>
		<CBX_INST_ENTRY INSTANCE_NAME="|FAS|FIR:FIR_u0|lpm_mult:Mult24|multcore:mult_core|mpar_add:padder|lpm_add_sub:adder[1]" CBX_FILE_NAME="add_sub_tfh.tdf"/>
		<CBX_INST_ENTRY INSTANCE_NAME="|FAS|FIR:FIR_u0|lpm_mult:Mult7|multcore:mult_core|mpar_add:padder|lpm_add_sub:adder[0]" CBX_FILE_NAME="add_sub_45h.tdf"/>
		<CBX_INST_ENTRY INSTANCE_NAME="|FAS|FIR:FIR_u0|lpm_mult:Mult15|multcore:mult_core|mpar_add:padder|mpar_add:sub_par_add|lpm_add_sub:adder[0]" CBX_FILE_NAME="add_sub_sfh.tdf"/>
		<CBX_INST_ENTRY INSTANCE_NAME="|FAS|FIR:FIR_u0|lpm_mult:Mult17|multcore:mult_core|mpar_add:padder|lpm_add_sub:adder[0]" CBX_FILE_NAME="add_sub_65h.tdf"/>
		<CBX_INST_ENTRY INSTANCE_NAME="|FAS|FIR:FIR_u0|lpm_mult:Mult25|multcore:mult_core|mpar_add:padder|lpm_add_sub:adder[1]" CBX_FILE_NAME="add_sub_2gh.tdf"/>
		<CBX_INST_ENTRY INSTANCE_NAME="|FAS|FIR:FIR_u0|lpm_mult:Mult6|multcore:mult_core|mpar_add:padder|mpar_add:sub_par_add|lpm_add_sub:adder[0]" CBX_FILE_NAME="add_sub_1gh.tdf"/>
		<CBX_INST_ENTRY INSTANCE_NAME="|FAS|FIR:FIR_u0|lpm_mult:Mult8|multcore:mult_core|mpar_add:padder|lpm_add_sub:adder[0]" CBX_FILE_NAME="add_sub_55h.tdf"/>
		<CBX_INST_ENTRY INSTANCE_NAME="|FAS|FIR:FIR_u0|lpm_mult:Mult18|multcore:mult_core|mpar_add:padder|lpm_add_sub:adder[0]" CBX_FILE_NAME="add_sub_55h.tdf"/>
		<CBX_INST_ENTRY INSTANCE_NAME="|FAS|FIR:FIR_u0|lpm_mult:Mult25|multcore:mult_core|mpar_add:padder|mpar_add:sub_par_add|lpm_add_sub:adder[0]" CBX_FILE_NAME="add_sub_0gh.tdf"/>
		<CBX_INST_ENTRY INSTANCE_NAME="|FAS|FIR:FIR_u0|lpm_mult:Mult26|multcore:mult_core|mpar_add:padder|lpm_add_sub:adder[1]" CBX_FILE_NAME="add_sub_4gh.tdf"/>
		<CBX_INST_ENTRY INSTANCE_NAME="|FAS|FIR:FIR_u0|lpm_mult:Mult9|multcore:mult_core|mpar_add:padder|lpm_add_sub:adder[0]" CBX_FILE_NAME="add_sub_55h.tdf"/>
		<CBX_INST_ENTRY INSTANCE_NAME="|FAS|FFT:FFT_u0|butterfly:u10|lpm_mult:Mult0" CBX_FILE_NAME="mult_55t.tdf"/>
		<CBX_INST_ENTRY INSTANCE_NAME="|FAS|FFT:FFT_u0|butterfly:u1|lpm_mult:Mult0" CBX_FILE_NAME="mult_75t.tdf"/>
		<CBX_INST_ENTRY INSTANCE_NAME="|FAS|FIR:FIR_u0|lpm_mult:Mult17|multcore:mult_core|mpar_add:padder|mpar_add:sub_par_add|lpm_add_sub:adder[0]" CBX_FILE_NAME="add_sub_rfh.tdf"/>
		<CBX_INST_ENTRY INSTANCE_NAME="|FAS|FIR:FIR_u0|lpm_mult:Mult19|multcore:mult_core|mpar_add:padder|lpm_add_sub:adder[0]" CBX_FILE_NAME="add_sub_35h.tdf"/>
		<CBX_INST_ENTRY INSTANCE_NAME="|FAS|FIR:FIR_u0|lpm_mult:Mult27|multcore:mult_core|mpar_add:padder|lpm_add_sub:adder[1]" CBX_FILE_NAME="add_sub_3gh.tdf"/>
		<CBX_INST_ENTRY INSTANCE_NAME="|FAS|FIR:FIR_u0|lpm_mult:Mult8|multcore:mult_core|mpar_add:padder|mpar_add:sub_par_add|lpm_add_sub:adder[0]" CBX_FILE_NAME="add_sub_qfh.tdf"/>
		<CBX_INST_ENTRY INSTANCE_NAME="|FAS|FIR:FIR_u0|lpm_mult:Mult27|multcore:mult_core|mpar_add:padder|mpar_add:sub_par_add|lpm_add_sub:adder[0]" CBX_FILE_NAME="add_sub_ufh.tdf"/>
		<CBX_INST_ENTRY INSTANCE_NAME="|FAS|FIR:FIR_u0|lpm_mult:Mult28|multcore:mult_core|mpar_add:padder|lpm_add_sub:adder[1]" CBX_FILE_NAME="add_sub_3gh.tdf"/>
		<CBX_INST_ENTRY INSTANCE_NAME="|FAS|FFT:FFT_u0|butterfly:u10|lpm_mult:Mult2" CBX_FILE_NAME="mult_55t.tdf"/>
		<CBX_INST_ENTRY INSTANCE_NAME="|FAS|FFT:FFT_u0|butterfly:u20|lpm_mult:Mult1" CBX_FILE_NAME="mult_55t.tdf"/>
		<CBX_INST_ENTRY INSTANCE_NAME="|FAS|FFT:FFT_u0|butterfly:u30|lpm_mult:Mult0" CBX_FILE_NAME="mult_75t.tdf"/>
		<CBX_INST_ENTRY INSTANCE_NAME="|FAS|FFT:FFT_u0|butterfly:u3|lpm_mult:Mult0" CBX_FILE_NAME="mult_55t.tdf"/>
		<CBX_INST_ENTRY INSTANCE_NAME="|FAS|FIR:FIR_u0|lpm_mult:Mult19|multcore:mult_core|mpar_add:padder|mpar_add:sub_par_add|lpm_add_sub:adder[0]" CBX_FILE_NAME="add_sub_1gh.tdf"/>
		<CBX_INST_ENTRY INSTANCE_NAME="|FAS|FIR:FIR_u0|lpm_mult:Mult29|multcore:mult_core|mpar_add:padder|lpm_add_sub:adder[1]" CBX_FILE_NAME="add_sub_3gh.tdf"/>
		<CBX_INST_ENTRY INSTANCE_NAME="|FAS|FFT:FFT_u0|butterfly:u20|lpm_mult:Mult2" CBX_FILE_NAME="mult_55t.tdf"/>
		<CBX_INST_ENTRY INSTANCE_NAME="|FAS|FIR:FIR_u0|lpm_mult:Mult29|multcore:mult_core|mpar_add:padder|mpar_add:sub_par_add|lpm_add_sub:adder[0]" CBX_FILE_NAME="add_sub_ufh.tdf"/>
		<CBX_INST_ENTRY INSTANCE_NAME="|FAS|FFT:FFT_u0|butterfly:u12|lpm_mult:Mult2" CBX_FILE_NAME="mult_55t.tdf"/>
		<CBX_INST_ENTRY INSTANCE_NAME="|FAS|FFT:FFT_u0|butterfly:u14|lpm_mult:Mult0" CBX_FILE_NAME="mult_55t.tdf"/>
		<CBX_INST_ENTRY INSTANCE_NAME="|FAS|FFT:FFT_u0|butterfly:u22|lpm_mult:Mult1" CBX_FILE_NAME="mult_55t.tdf"/>
		<CBX_INST_ENTRY INSTANCE_NAME="|FAS|FFT:FFT_u0|butterfly:u32|lpm_mult:Mult0" CBX_FILE_NAME="mult_75t.tdf"/>
		<CBX_INST_ENTRY INSTANCE_NAME="|FAS|FFT:FFT_u0|butterfly:u3|lpm_mult:Mult2" CBX_FILE_NAME="mult_55t.tdf"/>
		<CBX_INST_ENTRY INSTANCE_NAME="|FAS|FFT:FFT_u0|butterfly:u14|lpm_mult:Mult1" CBX_FILE_NAME="mult_55t.tdf"/>
		<CBX_INST_ENTRY INSTANCE_NAME="|FAS|FFT:FFT_u0|butterfly:u22|lpm_mult:Mult2" CBX_FILE_NAME="mult_55t.tdf"/>
		<CBX_INST_ENTRY INSTANCE_NAME="|FAS|FFT:FFT_u0|butterfly:u30|lpm_mult:Mult3" CBX_FILE_NAME="mult_75t.tdf"/>
		<CBX_INST_ENTRY INSTANCE_NAME="|FAS|FFT:FFT_u0|butterfly:u14|lpm_mult:Mult2" CBX_FILE_NAME="mult_55t.tdf"/>
		<CBX_INST_ENTRY INSTANCE_NAME="|FAS|FFT:FFT_u0|butterfly:u24|lpm_mult:Mult1" CBX_FILE_NAME="mult_55t.tdf"/>
		<CBX_INST_ENTRY INSTANCE_NAME="|FAS|FFT:FFT_u0|butterfly:u5|lpm_mult:Mult2" CBX_FILE_NAME="mult_55t.tdf"/>
		<CBX_INST_ENTRY INSTANCE_NAME="|FAS|FFT:FFT_u0|butterfly:u14|lpm_mult:Mult3" CBX_FILE_NAME="mult_55t.tdf"/>
		<CBX_INST_ENTRY INSTANCE_NAME="|FAS|FFT:FFT_u0|butterfly:u16|lpm_mult:Mult1" CBX_FILE_NAME="mult_55t.tdf"/>
		<CBX_INST_ENTRY INSTANCE_NAME="|FAS|FFT:FFT_u0|butterfly:u24|lpm_mult:Mult2" CBX_FILE_NAME="mult_55t.tdf"/>
		<CBX_INST_ENTRY INSTANCE_NAME="|FAS|FFT:FFT_u0|butterfly:u26|lpm_mult:Mult0" CBX_FILE_NAME="mult_65t.tdf"/>
		<CBX_INST_ENTRY INSTANCE_NAME="|FAS|FFT:FFT_u0|butterfly:u32|lpm_mult:Mult3" CBX_FILE_NAME="mult_75t.tdf"/>
		<CBX_INST_ENTRY INSTANCE_NAME="|FAS|FIR:FIR_u0|lpm_mult:Mult0|multcore:mult_core|mpar_add:padder|lpm_add_sub:adder[1]" CBX_FILE_NAME="add_sub_3gh.tdf"/>
		<CBX_INST_ENTRY INSTANCE_NAME="|FAS|FFT:FFT_u0|butterfly:u16|lpm_mult:Mult2" CBX_FILE_NAME="mult_55t.tdf"/>
		<CBX_INST_ENTRY INSTANCE_NAME="|FAS|FFT:FFT_u0|butterfly:u7|lpm_mult:Mult2" CBX_FILE_NAME="mult_55t.tdf"/>
		<CBX_INST_ENTRY INSTANCE_NAME="|FAS|FFT:FFT_u0|butterfly:u9|lpm_mult:Mult0" CBX_FILE_NAME="mult_75t.tdf"/>
		<CBX_INST_ENTRY INSTANCE_NAME="|FAS|FIR:FIR_u0|lpm_mult:Mult10|multcore:mult_core|mpar_add:padder|lpm_add_sub:adder[1]" CBX_FILE_NAME="add_sub_tfh.tdf"/>
		<CBX_INST_ENTRY INSTANCE_NAME="|FAS|FIR:FIR_u0|lpm_mult:Mult1|multcore:mult_core|mpar_add:padder|lpm_add_sub:adder[1]" CBX_FILE_NAME="add_sub_3gh.tdf"/>
		<CBX_INST_ENTRY INSTANCE_NAME="|FAS|FIR:FIR_u0|lpm_mult:Mult20|multcore:mult_core|mpar_add:padder|lpm_add_sub:adder[0]" CBX_FILE_NAME="add_sub_55h.tdf"/>
		<CBX_INST_ENTRY INSTANCE_NAME="|FAS|FFT:FFT_u0|butterfly:u16|lpm_mult:Mult3" CBX_FILE_NAME="mult_55t.tdf"/>
		<CBX_INST_ENTRY INSTANCE_NAME="|FAS|FFT:FFT_u0|butterfly:u28|lpm_mult:Mult0" CBX_FILE_NAME="mult_75t.tdf"/>
		<CBX_INST_ENTRY INSTANCE_NAME="|FAS|FIR:FIR_u0|lpm_mult:Mult10|multcore:mult_core|mpar_add:padder|mpar_add:sub_par_add|lpm_add_sub:adder[0]" CBX_FILE_NAME="add_sub_1gh.tdf"/>
		<CBX_INST_ENTRY INSTANCE_NAME="|FAS|FIR:FIR_u0|lpm_mult:Mult11|multcore:mult_core|mpar_add:padder|lpm_add_sub:adder[1]" CBX_FILE_NAME="add_sub_vfh.tdf"/>
		<CBX_INST_ENTRY INSTANCE_NAME="|FAS|FIR:FIR_u0|lpm_mult:Mult1|multcore:mult_core|mpar_add:padder|mpar_add:sub_par_add|lpm_add_sub:adder[0]" CBX_FILE_NAME="add_sub_ufh.tdf"/>
		<CBX_INST_ENTRY INSTANCE_NAME="|FAS|FIR:FIR_u0|lpm_mult:Mult21|multcore:mult_core|mpar_add:padder|lpm_add_sub:adder[0]" CBX_FILE_NAME="add_sub_55h.tdf"/>
		<CBX_INST_ENTRY INSTANCE_NAME="|FAS|FIR:FIR_u0|lpm_mult:Mult2|multcore:mult_core|mpar_add:padder|lpm_add_sub:adder[1]" CBX_FILE_NAME="add_sub_3gh.tdf"/>
		<CBX_INST_ENTRY INSTANCE_NAME="|FAS|FFT:FFT_u0|butterfly:u18|lpm_mult:Mult2" CBX_FILE_NAME="mult_55t.tdf"/>
		<CBX_INST_ENTRY INSTANCE_NAME="|FAS|FFT:FFT_u0|butterfly:u26|lpm_mult:Mult3" CBX_FILE_NAME="mult_75t.tdf"/>
		<CBX_INST_ENTRY INSTANCE_NAME="|FAS|FIR:FIR_u0|lpm_mult:Mult12|multcore:mult_core|mpar_add:padder|lpm_add_sub:adder[1]" CBX_FILE_NAME="add_sub_0gh.tdf"/>
		<CBX_INST_ENTRY INSTANCE_NAME="|FAS|FIR:FIR_u0|lpm_mult:Mult20|multcore:mult_core|mpar_add:padder|mpar_add:sub_par_add|lpm_add_sub:adder[0]" CBX_FILE_NAME="add_sub_qfh.tdf"/>
		<CBX_INST_ENTRY INSTANCE_NAME="|FAS|FIR:FIR_u0|lpm_mult:Mult22|multcore:mult_core|mpar_add:padder|lpm_add_sub:adder[0]" CBX_FILE_NAME="add_sub_45h.tdf"/>
		<CBX_INST_ENTRY INSTANCE_NAME="|FAS|FIR:FIR_u0|lpm_mult:Mult3|multcore:mult_core|mpar_add:padder|lpm_add_sub:adder[1]" CBX_FILE_NAME="add_sub_4gh.tdf"/>
		<CBX_INST_ENTRY INSTANCE_NAME="|FAS|Analysis:Analysis_u0|lpm_mult:Mult0" CBX_FILE_NAME="mult_l8t.tdf"/>
		<CBX_INST_ENTRY INSTANCE_NAME="|FAS|FIR:FIR_u0|lpm_mult:Mult12|multcore:mult_core|mpar_add:padder|mpar_add:sub_par_add|lpm_add_sub:adder[0]" CBX_FILE_NAME="add_sub_rfh.tdf"/>
		<CBX_INST_ENTRY INSTANCE_NAME="|FAS|FIR:FIR_u0|lpm_mult:Mult13|multcore:mult_core|mpar_add:padder|lpm_add_sub:adder[1]" CBX_FILE_NAME="add_sub_1gh.tdf"/>
		<CBX_INST_ENTRY INSTANCE_NAME="|FAS|FIR:FIR_u0|lpm_mult:Mult23|multcore:mult_core|mpar_add:padder|lpm_add_sub:adder[0]" CBX_FILE_NAME="add_sub_35h.tdf"/>
		<CBX_INST_ENTRY INSTANCE_NAME="|FAS|FIR:FIR_u0|lpm_mult:Mult3|multcore:mult_core|mpar_add:padder|mpar_add:sub_par_add|lpm_add_sub:adder[0]" CBX_FILE_NAME="add_sub_tfh.tdf"/>
		<CBX_INST_ENTRY INSTANCE_NAME="|FAS|FIR:FIR_u0|lpm_mult:Mult4|multcore:mult_core|mpar_add:padder|lpm_add_sub:adder[1]" CBX_FILE_NAME="add_sub_2gh.tdf"/>
		<CBX_INST_ENTRY INSTANCE_NAME="|FAS|Analysis:Analysis_u0|lpm_mult:Mult1" CBX_FILE_NAME="mult_l8t.tdf"/>
		<CBX_INST_ENTRY INSTANCE_NAME="|FAS|FFT:FFT_u0|butterfly:u28|lpm_mult:Mult3" CBX_FILE_NAME="mult_75t.tdf"/>
		<CBX_INST_ENTRY INSTANCE_NAME="|FAS|FIR:FIR_u0|lpm_mult:Mult14|multcore:mult_core|mpar_add:padder|lpm_add_sub:adder[1]" CBX_FILE_NAME="add_sub_1gh.tdf"/>
		<CBX_INST_ENTRY INSTANCE_NAME="|FAS|FIR:FIR_u0|lpm_mult:Mult22|multcore:mult_core|mpar_add:padder|mpar_add:sub_par_add|lpm_add_sub:adder[0]" CBX_FILE_NAME="add_sub_pfh.tdf"/>
		<CBX_INST_ENTRY INSTANCE_NAME="|FAS|FIR:FIR_u0|lpm_mult:Mult24|multcore:mult_core|mpar_add:padder|lpm_add_sub:adder[0]" CBX_FILE_NAME="add_sub_35h.tdf"/>
		<CBX_INST_ENTRY INSTANCE_NAME="|FAS|FIR:FIR_u0|lpm_mult:Mult5|multcore:mult_core|mpar_add:padder|lpm_add_sub:adder[1]" CBX_FILE_NAME="add_sub_tfh.tdf"/>
		<CBX_INST_ENTRY INSTANCE_NAME="|FAS|FIR:FIR_u0|lpm_mult:Mult14|multcore:mult_core|mpar_add:padder|mpar_add:sub_par_add|lpm_add_sub:adder[0]" CBX_FILE_NAME="add_sub_sfh.tdf"/>
		<CBX_INST_ENTRY INSTANCE_NAME="|FAS|FIR:FIR_u0|lpm_mult:Mult15|multcore:mult_core|mpar_add:padder|lpm_add_sub:adder[1]" CBX_FILE_NAME="add_sub_1gh.tdf"/>
		<CBX_INST_ENTRY INSTANCE_NAME="|FAS|FIR:FIR_u0|lpm_mult:Mult25|multcore:mult_core|mpar_add:padder|lpm_add_sub:adder[0]" CBX_FILE_NAME="add_sub_25h.tdf"/>
		<CBX_INST_ENTRY INSTANCE_NAME="|FAS|FIR:FIR_u0|lpm_mult:Mult5|multcore:mult_core|mpar_add:padder|mpar_add:sub_par_add|lpm_add_sub:adder[0]" CBX_FILE_NAME="add_sub_1gh.tdf"/>
		<CBX_INST_ENTRY INSTANCE_NAME="|FAS|FIR:FIR_u0|lpm_mult:Mult6|multcore:mult_core|mpar_add:padder|lpm_add_sub:adder[1]" CBX_FILE_NAME="add_sub_tfh.tdf"/>
		<CBX_INST_ENTRY INSTANCE_NAME="|FAS|FIR:FIR_u0|lpm_mult:Mult16|multcore:mult_core|mpar_add:padder|lpm_add_sub:adder[1]" CBX_FILE_NAME="add_sub_1gh.tdf"/>
		<CBX_INST_ENTRY INSTANCE_NAME="|FAS|FIR:FIR_u0|lpm_mult:Mult24|multcore:mult_core|mpar_add:padder|mpar_add:sub_par_add|lpm_add_sub:adder[0]" CBX_FILE_NAME="add_sub_1gh.tdf"/>
		<CBX_INST_ENTRY INSTANCE_NAME="|FAS|FIR:FIR_u0|lpm_mult:Mult26|multcore:mult_core|mpar_add:padder|lpm_add_sub:adder[0]" CBX_FILE_NAME="add_sub_v4h.tdf"/>
		<CBX_INST_ENTRY INSTANCE_NAME="|FAS|FIR:FIR_u0|lpm_mult:Mult7|multcore:mult_core|mpar_add:padder|lpm_add_sub:adder[1]" CBX_FILE_NAME="add_sub_ufh.tdf"/>
		<CBX_INST_ENTRY INSTANCE_NAME="|FAS|FIR:FIR_u0|lpm_mult:Mult16|multcore:mult_core|mpar_add:padder|mpar_add:sub_par_add|lpm_add_sub:adder[0]" CBX_FILE_NAME="add_sub_sfh.tdf"/>
		<CBX_INST_ENTRY INSTANCE_NAME="|FAS|FIR:FIR_u0|lpm_mult:Mult17|multcore:mult_core|mpar_add:padder|lpm_add_sub:adder[1]" CBX_FILE_NAME="add_sub_0gh.tdf"/>
		<CBX_INST_ENTRY INSTANCE_NAME="|FAS|FIR:FIR_u0|lpm_mult:Mult27|multcore:mult_core|mpar_add:padder|lpm_add_sub:adder[0]" CBX_FILE_NAME="add_sub_05h.tdf"/>
		<CBX_INST_ENTRY INSTANCE_NAME="|FAS|FIR:FIR_u0|lpm_mult:Mult7|multcore:mult_core|mpar_add:padder|mpar_add:sub_par_add|lpm_add_sub:adder[0]" CBX_FILE_NAME="add_sub_pfh.tdf"/>
		<CBX_INST_ENTRY INSTANCE_NAME="|FAS|FIR:FIR_u0|lpm_mult:Mult8|multcore:mult_core|mpar_add:padder|lpm_add_sub:adder[1]" CBX_FILE_NAME="add_sub_vfh.tdf"/>
		<CBX_INST_ENTRY INSTANCE_NAME="|FAS|FIR:FIR_u0|lpm_mult:Mult18|multcore:mult_core|mpar_add:padder|lpm_add_sub:adder[1]" CBX_FILE_NAME="add_sub_vfh.tdf"/>
		<CBX_INST_ENTRY INSTANCE_NAME="|FAS|FIR:FIR_u0|lpm_mult:Mult26|multcore:mult_core|mpar_add:padder|mpar_add:sub_par_add|lpm_add_sub:adder[0]" CBX_FILE_NAME="add_sub_tfh.tdf"/>
		<CBX_INST_ENTRY INSTANCE_NAME="|FAS|FIR:FIR_u0|lpm_mult:Mult28|multcore:mult_core|mpar_add:padder|lpm_add_sub:adder[0]" CBX_FILE_NAME="add_sub_05h.tdf"/>
		<CBX_INST_ENTRY INSTANCE_NAME="|FAS|FIR:FIR_u0|lpm_mult:Mult9|multcore:mult_core|mpar_add:padder|lpm_add_sub:adder[1]" CBX_FILE_NAME="add_sub_vfh.tdf"/>
		<CBX_INST_ENTRY INSTANCE_NAME="|FAS|FIR:FIR_u0|lpm_mult:Mult19|multcore:mult_core|mpar_add:padder|lpm_add_sub:adder[1]" CBX_FILE_NAME="add_sub_tfh.tdf"/>
		<CBX_INST_ENTRY INSTANCE_NAME="|FAS|FIR:FIR_u0|lpm_mult:Mult29|multcore:mult_core|mpar_add:padder|lpm_add_sub:adder[0]" CBX_FILE_NAME="add_sub_05h.tdf"/>
		<CBX_INST_ENTRY INSTANCE_NAME="|FAS|FIR:FIR_u0|lpm_mult:Mult28|multcore:mult_core|mpar_add:padder|mpar_add:sub_par_add|lpm_add_sub:adder[0]" CBX_FILE_NAME="add_sub_ufh.tdf"/>
		<CBX_INST_ENTRY INSTANCE_NAME="|FAS|FFT:FFT_u0|butterfly:u13|lpm_mult:Mult0" CBX_FILE_NAME="mult_65t.tdf"/>
		<CBX_INST_ENTRY INSTANCE_NAME="|FAS|FFT:FFT_u0|butterfly:u4|lpm_mult:Mult0" CBX_FILE_NAME="mult_c5t.tdf"/>
		<CBX_INST_ENTRY INSTANCE_NAME="|FAS|FFT:FFT_u0|butterfly:u23|lpm_mult:Mult0" CBX_FILE_NAME="mult_75t.tdf"/>
		<CBX_INST_ENTRY INSTANCE_NAME="|FAS|FFT:FFT_u0|butterfly:u4|lpm_mult:Mult2" CBX_FILE_NAME="mult_55t.tdf"/>
		<CBX_INST_ENTRY INSTANCE_NAME="|FAS|FFT:FFT_u0|butterfly:u13|lpm_mult:Mult3" CBX_FILE_NAME="mult_75t.tdf"/>
	</PROJECT>
</LOG_ROOT>
